"gene_name","o_gly_sites"
"A1BG","T198"
"A2M","T654;T885;T763;S575;T588;S26"
"A4GALT","T65;T68"
"ABCC9","T495"
"ACAN","T371;T376;S1599;S1895;S1720;T2196;T374;S2101;S1693;T1842;T1080;S1856;T2190;T2226;S65;T2049;T1946;S1929;T2133;T2035;T2132;T1683;S1959;T440;S30;T2063;S2239;T2061;S2134;T2046;T1927;S2240;T1891;T1622;T1950;T907;S1915;S2144;S408;T1383;T1933;S910;T2258;T61;T1461;S1591;T2083;S1930;T22;T447;T2188;T2223;T2215;S1630;S1623;S2238;T2255;S2124;T2103;S23;S1889;T1888;T466;T400;S2214;T436;S906;T1881;T703;S1899;T905;S1969"
"ACE","E625"
"ACE2","S43;S44;T129;S155;S257;T294;T334;T496;S602;S611"
"ACSL1","S135"
"ADAM10","T194;T397;T130;S36"
"ADAM19","T194;T191;T183"
"ADAM9","S758;T761;T777"
"ADAMTS1","T170;T197;T208"
"ADAMTS12","T1247"
"ADAMTS13","S399;S698;S757;S907;S965;S1027;S1087;T1135;S1158;T1153;S1137;S863;T1150;T779;T843"
"ADAMTS14","S1220"
"ADAMTS2","T1127;T64"
"ADAMTS3","S1088;S1094;T1087;T1146;S1149;S1150;T1153;T1096"
"ADAMTS4","T813"
"ADAMTS5","S582;T215;T36;S214;S208"
"ADAMTS7","T1342;T1391;T1148;T1095;T1286;S1364;T1186;S1385;T1339;S1397;S1291;T1189;S1131;T1376;T1214;S1135;S1129"
"ADAMTS9","T1662;S1164"
"ADAMTSL1","T48;T312;S391;T451;S558;S1143;S1123;S1144;T1131;S1142;S1139;T1127"
"ADAMTSL2","T909;S490;S347"
"ADAMTSL3","T51"
"ADAMTSL4","T106;T266;T223;T610;T319;S232;T260;S291;S268;T235;S107;S304;S181"
"ADAMTSL5","T354"
"ADGRA2","T386;S387"
"ADGRE5","T265"
"ADGRF5","T236"
"ADGRG1","T51"
"ADGRG2","T277;T268;S271"
"ADGRL1","T464"
"ADGRL2","T459;T408"
"ADGRL3","S410;S489;S488;S423"
"ADIPOQ","T21;T22;partial 65;partial 68;partial 77;partial 101;K77;K65;K68;K101"
"ADIRF","T57"
"ADM","S178;S165;T54;T128;T162;T66;S49;S51;S180;S50"
"AEBP1","S203;T1152;T1091;T232;T1087;T1083;S188;T228;T1146;S176;T1147;T1095"
"AGA","T134"
"AGFG1","S367"
"AGRN","S1835;T1261;S204;T167;T985;S994;T162;T987;S496;T1258;T1095;T159;S896;S1913;T754;S1262;T1270;T952;T1033;T1034;T980;T1584;S1902;T1540;S1292;S1295;T1294;T1725;T1720;T1285;S1281;S1282;T1313;T1306;T1302;T1307;T1301;T1312;S1277;T1275;T1274;S1750;T1899;S1316"
"AGT","T440"
"AHSG","T270;S280;S293;T339;T341;S346;S256;S328;T197;S325;S196;T202"
"AJM1","T543"
"AKT1","S126;S129;T305;T312;S473"
"AKT2","S128;S131;T306;T313"
"AKT3","T302;T309"
"ALB","T532;T149;T446;S443;T530;T444"
"ALDH16A1","S751"
"ALG9","T509"
"ALKAL1","T85"
"ALPG","T429"
"AMBN","S112"
"AMBP","T24;S215"
"AMH","T353;T367"
"AMY2A","D212"
"ANGPTL2","T268;T229"
"ANGPTL3","T226;T212;T225"
"ANGPTL4","T316;T315;T87"
"ANGPTL6","T251"
"ANPEP","S61;T56;T457;T57"
"ANXA1","S37"
"AOC1","T276"
"AOC3","T212;S47"
"APC2","S1455"
"APCS","T195"
"APLP1","T215;S227;T228;T277"
"APLP2","T43;T371;T367;S381;T380;T303;T658"
"APOA1","T221;S228"
"APOA2","T42;S32;S35;T73;T81"
"APOA5","S80"
"APOB","T4137;S3605;T3854;T3748;T3264;T4138;T3512;T3220"
"APOC2","T35;T23;S33"
"APOC3","T94"
"APOE","T26;T36;T212;T307;S308;S314;S215"
"APOF","T274;S302;S303;S59;T57"
"APOH","T33;T149"
"APOL1","T59;T236"
"APOLD1","T135;T133;S136"
"APOO","S162"
"APP","partial 633;partial 651;partial 652;S656;partial 659;partial 663;partial 667;partial 681;T652;T659;T651;S667;Y681;T663;T633;T22;T366;S370;T371;T367;T381;T352;T353;T600;S679;T279;T280;T276;T107"
"AREG","S53;T52;T169;S41"
"ARMH4","T152;T473;S135;T378;S205;T360;S445;T376;T588;T242;S572;S574;T401;T167;T680;T302;T538;T478;T194;S138;S91;S389;T96"
"ART3","T346"
"ARTN","S60"
"ASAH2","T62;S67;T68;T70;S73;T74;T76;S78;S79;T80;T82;T84;T779"
"ASPH","T280;T176;T114;T256;S299"
"ASPN","S55;T98"
"ATF6","S663;T664;T659"
"ATF6B","S685"
"ATP1B3","T89"
"ATP5F1A","S76"
"ATP5F1B","S106"
"ATP6AP1","T184"
"ATRN","T146"
"B2M","T106"
"B3GALNT1","S225"
"B3GAT3","T311"
"B3GNT2","T53"
"B3GNT7","T72;S76;T342"
"B3GNT9","T79;S345;T352;T329"
"B4GALNT3","T767;S70"
"B4GALT1","T115;T79;S66;T58;T123;T122"
"B4GALT3","T45;S49"
"B4GALT4","T69"
"B4GALT5","S71;T59"
"BACE2","S70;T46"
"BAG6","T260"
"BAMBI","S114;T137"
"BCAM","T328"
"BCAN","S905;S906;T569;T384;T542;T540"
"BCL9L","T250"
"BDH1","S219"
"BGN","S42;S47;S180;S198;T58;T56"
"BMP15","T277"
"BMP3","S68;T69;S83;T75"
"BMP6","S398"
"BMPR1B","T109"
"BMPR2","T137"
"BOC","S454"
"BSG","T212;T145;S277"
"BSN","T1343;T1384;T2314;T2691;T2936"
"BST2","S131"
"C11orf24","T190;S304;T209;T204;T183;T212;S187;T206;T180;T177;S179;T181;S189"
"C16orf54","T4"
"C16orf89","T147"
"C1orf210","S18;T16"
"C1orf54","T51"
"C1QA","hydroxylysine 33;hydroxylysine 48;hydroxylysine 67;hydroxylysine 100;K100;K48;K67;K33"
"C1QC","hydroxylysine 75;K75"
"C1QTNF9","hydroxylysine 73;hydroxylysine 127;K73;K127"
"C1RL","T209"
"C3","T985"
"C3AR1","S266;T233;S238"
"C4A","T1244;T1439"
"C4BPA","T55;S57;T317;S230;T340"
"C4BPB","T160"
"C6","T38;T392"
"C6orf15","T229"
"C7","T696"
"C9","T518;T258;T24;T32;S26"
"CA9","T115"
"CALCA","T109;T105"
"CALCB","S115;T111;S35;T40;S34;S106"
"CALR","T350"
"CALU","T224;T22;T60;S19;S35;S261"
"CAMK4","T57;S58;S137;S189;S344;S345;S356"
"CAMP","T66"
"CANX","T50;T49;T66;T79;T59;S54"
"CAPNS1","S153"
"CBLN1","T43"
"CBS","T434"
"CCDC112","T409"
"CCDC134","T193;S192;T187"
"CCDC47","T51;T60"
"CCDC80","T516;T605;S411;S409;S418;T404;S513;S518;T65;T89;S64;T323"
"CCL11","T94"
"CCL14","partial 26;S26"
"CCL5","partial 27;partial 28;S27;S28"
"CCN2","T193;T173"
"CCN3","T352;T353;T49;T46"
"CCN4","T35"
"CCR5","S6;S7;S17;T16"
"CD14","T336;T364;S362"
"CD163","T701;T704;S709"
"CD164","S142;T54;T48;T55;S49"
"CD164L2","T116"
"CD24","T41"
"CD248","T60;T401;T428;T448;T456;T459;T472;T519;T541;T543;T544;T545;T587;T593;T594;T595;S598;S601;T612;T619;S623;S625;T627;T630;S631;T636;S640;S530;T669;T559;S506;S413;T665;S494"
"CD27","S127;S149;T162"
"CD276","T236"
"CD300E","T142"
"CD300LF","T135;T140;S136;S137"
"CD300LG","T137;T143;T144;T155;T161;T170;T171;T177;T187;T195;S196;T199;T201;S202;T207;S208;S213;S214;S222;T223;S224;T228;S229;S237"
"CD33","T239;T240"
"CD34","T162"
"CD44","T554;T637;T638;T271;S627;S199;T484;T200;T489;T398;T577;S330;T318;T581;T197;S578;S583;S458;T572;T325;S332;S570;T433;T423;S430;S422;T561;T555;T567;S550;S562;S420;T424;S553;S434;T426;T174;T541;T480;T528;S478;S514;T415;T529;T515"
"CD46","T163;S290;S291;T292;S298;S300;S302;T303;S304;S305;T306;T307;S309;S312;S313;S315;T320;S326"
"CD55","T307;T306;T343;T344"
"CD59","T76;T77"
"CD5L","S130"
"CD68","S137"
"CD74","T203;S281;T287;S282;S197"
"CD8A","S158"
"CD93","T553;S473"
"CD99","S86;S29;S85;S87;T181;S48;T41"
"CD99L2","T114;S69;S41;S40;T107;T108;T102;T101;T99;T100"
"CDH1","S280;T285;T358;T470;T472;T509;T576;T578;T580;T544;T217"
"CDH13","T200"
"CDH16","T65;T666;T705"
"CDH4","T88;T84"
"CDHR5","T640;T650;T609"
"CDON","S932"
"CDSN","T325;T49;T37"
"CEACAM6","T241"
"CEBPB","S227;S228"
"CEL","T558;T569;T579;T607;T618;T629;T640;T651;T662;T673"
"CELSR1","S215;S213;T2306;T2307;T2311;T2310"
"CELSR2","T2212"
"CEP295","S2375;S2374"
"CETP","T266"
"CFB","T25;T26"
"CFDP1","S239;T240"
"CFHR5","S283"
"CFP","T92;T151;S208;T272"
"CGB7","S141;S147;S152;S158"
"CGREF1","T111;S159;T181;S175;S170;T61;S69"
"CHAD","S144"
"CHGA","T181;T183;T251;S48;S191"
"CHIT1","S392"
"CHRDL2","T217;S343;S345;T100;S347;T342"
"CHST10","T66"
"CHST12","T88"
"CHST15","S118"
"CHST8","T76;S80;S81"
"CHST9","T52"
"CHSY1","T770;S769"
"CHSY3","T122;S593;S100;S101"
"CILP","S1135;S1140;T1136;T105;T97;T96;T1145"
"CILP2","T236"
"CKAP4","T499;T512"
"CLCC1","T474;T469;T407;T482"
"CLDN6","S208;S201;T202;S203"
"CLEC11A","S101;T103;S95;S277;S279;T69"
"CLEC14A","T341;T330"
"CLEC18A","T356"
"CLEC3B","T25"
"CLEC7A","T112"
"CLN3","T80"
"CLPTM1","T323"
"CLSTN1","T149;T815"
"CLSTN3","T693;T691"
"CLU","S396;S210"
"CNDP1","T146;S29"
"CNGB1","T188"
"CNPY3","S268;T271"
"COCH","T257;T124;T140;S139;T145"
"COL11A1","T508"
"COL12A1","S798;S889;S981;T2303;T2299;T1181;T1180;T2295;T2309;T1106;T1120;T1748;T1749;T1124;T1099"
"COL14A1","hydroxylysine 1476;partial 1485;partial 1523;partial 1526;hydroxylysine 1601;hydroxylysine 1698;hydroxylysine 1701;K1523;K1476;K1526;K1698;K1485;K1601;K1701;T731;T1010;S1336;T727;T353;S1214;T643"
"COL15A1","T265;T514;T386;T279;T411;S528;T520;S37;T513;T35;T282;T360;S1188;T33;S1210;T263"
"COL17A1","T1284"
"COL18A1","T1567;T696;T192;T43;S731;S733;S194;S1556;T95;T718;T727;S735;T719;T472;S1539;T697;T474;T736;T1717;T93;T1711;S79;S96;T799;T1527"
"COL19A1","S272;S273"
"COL1A1","hydroxylysine 265;hydroxylysine 1108;K1108;K265;T172;T948;T103;T1234;T478"
"COL1A2","hydroxylysine 177;K177;T632;T860;T1138"
"COL21A1","T440"
"COL22A1","T449;T462"
"COL26A1","T172;T358;T339;S343"
"COL27A1","T586"
"COL28A1","T1054;T1012;T1055"
"COL2A1","hydroxylysine 190;hydroxylysine 287;hydroxylysine 299;hydroxylysine 308;hydroxylysine 374;hydroxylysine 608;hydroxylysine 620;hydroxylysine 1130;K308;K287;K299;K608;K374;K620;K190;K1130"
"COL3A1","hydroxylysine 263;K263;T96;S152;T146;S1145"
"COL4A1","S1532;T1525"
"COL4A2","T265;T1403;S111;T1361;S1446"
"COL5A1","S540;T313;T315;S426;T424;S387"
"COL5A2","S188;T1015"
"COL5A3","T330;T232;T350;S323"
"COL6A1","T703;T701"
"COL6A2","T58;T218"
"COL6A3","hydroxylysine 2103;hydroxylysine 2209;hydroxylysine 2212;hydroxylysine 2322;hydroxylysine 2337;K2337;K2103;K2322;K2209;K2212;S3100;T3101;T1619;T1627;T1423"
"COL7A1","hydroxylysine 2625;hydroxylysine 2631;K2631;K2625"
"COL8A1","T577"
"COL9A2","S169;hydroxylysine 183;K183"
"COLEC10","T35"
"CP","S507;T489;S492;S505"
"CPAMD8","S1776"
"CPD","T41;T43;T489;S45;T226;T40;T44;T42;S487;S490"
"CPM","D240"
"CPN1","T400;T402;T409"
"CPS1","S537;S1331;T1332"
"CPXM1","T104;T100"
"CPXM2","T56;S58"
"CRB2","S267;T560"
"CREB1","S40"
"CREB3L3","S379;T347"
"CREB3L4","T349;T339;T344;T333;S354"
"CREG2","S73"
"CRELD2","T58"
"CRIM1","S598;T904;T882;T889;S596"
"CRISP3","T29"
"CRISPLD2","T241;T254"
"CRTAC1","T608;T618;T619;T621;T626;T637"
"CRTAM","T272;T271"
"CRYAA","S162"
"CRYAB","T170"
"CSF1","T363;T365;T376;S420;S428;S407;S433;T185;S426;T387;S417;T418;T229;S414;S431;S233;S406;S326;S445;T383;S332;T446;S391;S451;T257;S461;S256;S430;T321;S313;S473;T266;T477"
"CSF2","S22;S24;S26;partial 27;T27"
"CSF3","T166"
"CSGALNACT1","S101"
"CSN3","T133;T143;T148;T151;T157;T167;T169;T178;S162;T181"
"CSPG4","S995;S2204;S2203"
"CSPG5","S117;S165;T328;S162"
"CTNNB1","S23"
"CTSD","T63"
"CUBN","S688;S2904;T1972;S3591"
"CUEDC2","T255;S254"
"CUTA","S57;S59;T168;T176"
"CX3CL1","T183;S253;T329;S199;S208;T153;T338;T272;T318"
"CXCL16","T152;S178;S46;T170;T171;T119;S127;T174;S124;S131;T136;S132;S120"
"CXCR4","S18"
"CYP1A1","S67"
"CYP1A2","S69"
"DAG1","T63;T317;T319;T367;T369;T372;T379;T381;T388;T455;T422;T424;T423;T421;T343;S33;S49;S171;T734;S729;T431;T436;S52;T463;T464;T469;T169;S391;T444;T483;S441;S430;T443;T482;T450;T445;T442;T439;S438;S485;T446;T484;S475;T478;T473"
"DCBLD1","S447"
"DCBLD2","T490"
"DCD","S26"
"DCN","S34"
"DENND5A","S482;T479"
"DIPK1A","T141"
"DIPK1B","T144"
"DKK1","S61;T164;S169;S99;S163;T172;T173;T181;T155;T153;S175;T76"
"DKK3","T26;T28;S39"
"DLK1","S94;T143;partial 163;S214;partial 222;partial 251;T256;partial 260;S163;T222;S251;S260;T269"
"DMBT1","T225;S1499;T1500;S1503;S220;S86;T209;S208;S84;T87;S80"
"DMKN","T440;T109"
"DNAH11","T2523"
"DNAJB11","T178;T177"
"DNAJC15","S104;S106"
"DNAJC3","T288"
"DNER","S169;T177;T172;T174"
"DNM1L","T585;T586"
"DPEP1","T360"
"DPEP2","T69"
"DPM3","T63"
"DRAXIN","T84"
"DSC1","T562;T337;T339;T560;S558;S260"
"DSG2","T480;T482;T484;T53"
"DSG3","T476;T478;T480;T602;T601"
"DTX4","T103;S101"
"DUT","T124;T127"
"EBP","T2;T3"
"ECM1","T130;S63;T84;S138;S80;T26;T28;S48;S52;T534;S119;T391"
"ECM2","T58;S84"
"ECSCR","T69;T71;S68"
"EDAR","T100"
"EDIL3","T73;T88;T336"
"EDN1","T100"
"EDN2","S123;T139;T116"
"EFCAB14","S412"
"EFEMP1","T109;S105;S106;S121;S110;T98;T88"
"EFNA1","T152"
"EFNB1","T178;S201;T177;T211;S179;T172;T188;T193"
"EFNB2","T208;T189;T180"
"EGF","S954;S807;T955;T801"
"EGFL7","T55;T54;T190"
"EGFLAM","T312;T319"
"EIF2AK3","T57;S55;T54"
"EIF3G","T129"
"ELK4","S235"
"ELN","T86;T300"
"ELOA2","S646;T624;T623"
"EMC10","T192;T191;T198"
"EMC7","T113"
"EMCN","T165;S140;S166;S76;T77;T64;T134;S168;T118;T135;T155"
"EMILIN1","S274;S159;S281;T417;S483;S622"
"EMILIN2","T307;S812;T245;T238;T310;T223;T163;T309;T305;T842;S790;S248;S658;T161;S159;T144"
"EMILIN3","T522"
"EMSY","S228;S236;T271;T501;T506;S557;T1120"
"ENG","T343;T344;S337;T336"
"ENO1","T308"
"ENPEP","S68;S63;S66;T64"
"ENSA","T93;T99"
"ENTPD4","T80"
"ENTPD6","T93;S89"
"EP400","S1411"
"EPCAM","T171;T172"
"EPHA2","S277"
"EPN1","T462"
"EPN2","S578"
"EPO","S153"
"EPYC","T60;S64;S96"
"ERBB2","T127"
"ERFE","T69"
"ERGIC1","T138"
"ERGIC2","T154;T152"
"ERGIC3","T130;S116"
"ERLEC1","T323;T324"
"ERLIN2","T336;T334"
"ERN1","T417"
"ERP44","S381;T367;S380;T398;S393;S386;T369;S385"
"ERVMER34-1","T431"
"ESM1","S156"
"ESR1","S10"
"EVI2B","T147;T96"
"EXTL3","T563;T138"
"EZH2","S75"
"F10","T199;T211;T188;S197;S476;S189;S190;Y203;S484;T483;S485"
"F11R","T30;T175"
"F12","T109;T299;T305;S308;T328;T329;T337;S335;T43"
"F13B","T652"
"F2","S207;T315;T192;T145;T78;T317"
"F2RL1","T54;T49;T45;S46"
"F5","T1418;T1211;S900;T986;T1120;S1268;T1329;T1129;T1212;T1194;S1200;S1313;S1263;S1290;T805;S1308;T1202;S1150;T1310;S1148;T1284;T1239;T1238;T1364;T1410;T804;T1265;T1292;S832;S1053;S851;S985;S1196;S1223;S1295;T1302;T1184;S1232;S1299;S1322;S1187;S1398;S1277;T1403;S1191;S1304"
"F7","S112;S120"
"F8","T818;S1396;T869"
"F9","T85;S99;S107;T205;T215;T225;T218"
"FAM174A","T52"
"FAM20A","S148;S308"
"FAM20C","S41;S150;S74;S214;S75;S47;S148;T87"
"FAM78A","S26"
"FAS","T28;T46;T40;T214;T42;T43"
"FAT1","T1179;T2410;S3760;T3761;S1188"
"FAT2","T4036"
"FBLN1","T489"
"FBLN2","T347;T672;S390;T293;S316;S240;T210;T357;T309;T370;T241;T255;S350;S348;T421;T391;S361"
"FBLN5","T106;T86"
"FBLN7","T177"
"FBN1","S268;S471;S510;S552;S593;S634;S787;S827;S1050;S1135;S1218;S1302;S1345;S1386;S1508;S1628;S1830;S1871;S1911;S1953;S2035;S2148;S2227;S2313;S2465;S2547;S2628;S2711"
"FBN2","S298;S340;S516;S555;S597;S638;S679;S832;S872;S977;S1095;S1180;T1222;S1263;S1347;S1390;S1672;S1873;S1954;S1996;S2193;S2274;S2360;S2471;S2512;S2594;S2675;T51;T1066"
"FCAMR","T423;T249;T182;T242"
"FCER2","T314"
"FCGBP","T2634;T1432;T3835"
"FCGR3A","D82"
"FCGRT","T346"
"FCMR","T224"
"FDCSP","T78;S83;T79;S75"
"FETUB","T289;T292;S222;T160;S223;S266"
"FGA","T320;S351;S562;T528;T557;T525;T499;S297;S375;T357;S549;S338;S501;S546;S397;T341;S524;T315;T359;T318;S534;T283;T616;S586;T252;T107"
"FGB","S58;T108;T360"
"FGF23","T178"
"FGFBP1","S169;T179;T180;T46;S37;T73;T189;T192;T187;S182"
"FGFBP2","T186;T159;T155;T147;S149;S136;T162"
"FGFBP3","T158"
"FGFR2","T40"
"FGFR4","T260"
"FGL2","T119;S118"
"FLRT2","T407"
"FLRT3","T511;T510;T512"
"FMOD","S67"
"FN1","T279;T278;S281;S280;T771;S41;T1551;T2202;T617;T2211;T818;T2061;T287;N2345;N1999;S283;T1565"
"FNDC1","T888;T762;S846;S759;S738;S761;S717;S737;T852;T732;S855;S713;S847;S851;S741"
"FNIP1","S938"
"FOXK1","S505"
"FRAS1","S2076"
"FRRS1","T182"
"FSTL1","S107"
"FSTL4","S57;S56"
"FUS","T19"
"FUT10","T433;T424;T57;T50"
"FUT11","T59;T64"
"FUT4","S186;S182;T184"
"FUT8","T274;T564"
"FXYD5","S127;T123;T106;T95;S58;T75;T60;T44;T52;T62;T68;T73;T57"
"FZD1","T239;S241"
"FZD2","T179;T165;S32;T194;T166"
"FZD5","T168"
"FZD6","T136;T141;T150"
"FZD7","T191;S42"
"GAA","S61;T52;S46"
"GAL","T35"
"GAL3ST1","S51;T45;T44"
"GALNT10","S43;T39;T62"
"GALNT11","S460"
"GALNT12","S556;T289"
"GALNT14","T41;S45"
"GALNT16","T55;T63;T61"
"GALNT18","T93"
"GALNT2","T368;T70;S67"
"GALNT3","T130;T131"
"GALNT5","T648;T429;S370;T94;S369;T296;S292;S302;T420;S300;T108;S431;S367;S368;S208;T207;S204;S202;S200;T138;T134;S69;T326;S249;T244;S243;S320;S192;S70;T381;T386;S379;T274;S275;T159;T164;S155;T149;T163;S205;S154"
"GALNT6","S48;T333;T81;S67;T38"
"GALNT7","T121"
"GASK1A","T58;T221;T53;T123;S125;T192;T188;T197"
"GASK1B","S149;S137"
"GAST","T36"
"GDF15","S36;S44;S39"
"GFRA1","T432;T433"
"GFRA2","T396;T401"
"GFRA3","S77"
"GGCX","T653"
"GGT5","T442;T441"
"GHR","S30"
"GINM1","T214;T204;T203;S199;S205;S197"
"GLCE","S59;S44"
"GLG1","S69;S70;S37;S48;T739"
"GLT8D1","T365"
"GLTPD2","T64"
"GNPTAB","T657;T1074;T484;S486;S844;T847;S837;T873;S778;S782;S794;T789"
"GNPTG","T228;T274;T271;S291;T286;T211;T276;S277"
"GOLIM4","T308;T276;S283;T259;S222;T229;T302;S405;S246;T216;S396;T194;T270"
"GOLM1","S239;T235;T218;T362;T299;S307;S37;S309;S36;S231;T111;S233"
"GP1BA","T308;T364;T494"
"GP1BB","T83"
"GPA33","S50"
"GPC1","S486;S488;S490;T515;T409;T512;S510;S509"
"GPC2","S55;S92;S155;S500;S502"
"GPC3","S495;S509;S359"
"GPC4","S494;S498;S500;T375;S381;T376;T380"
"GPC5","S441;S486;S495;S507;S509"
"GPC6","T374"
"GPNMB","T350"
"GPR107","T184;S183;S187"
"GPR108","T178;S177"
"GPR180","T32;S31"
"GPR37L1","T79;T85;S86;T95;T107;S23"
"GREM1","T66"
"GRIA1","T362"
"GRN","T182"
"GRSF1","T114;S105;S100"
"GSN","S411;S408;S412;T431;S430;S31;T426;T402;S35"
"GTPBP1","S122;T119"
"GXYLT1","S72"
"GYG1","Y195"
"GYG2","Y228"
"GYPA","S21;T22;T23;T29;S30;T31;S32;T36;S38;S41;T44;T52;T56;S63;S66;T69"
"GYPB","T36;S38;T44"
"GYPC","S3;T4;S6;S9;T10;S15;S24;S26;T27;T28;T31;T32;T33;S42"
"HABP2","T289;S292;T293"
"HAS2","S221"
"HAUS5","T236"
"HAVCR1","T205"
"HAVCR2","T145;T174;T178"
"HBB","S45"
"HBEGF","T37;S38;T44;T47;T75;T85;S78;S77"
"HEG1","T67;S43;T401;S349;S529;S261;T333;S375;T388;S154;T492;T356;S956;T952;S198;S400;S205;T161;S680;S715;S259;T562;T255;S212;T875;T455;T336;T342;T254;T876;S445;S548;S549;T552;S377;T367;S369;T328;S559;T555;T560;T368;S558;T547;T500;T347;S363;S354;T197;T194;T606;S443;T934;S232;T929;S900;T230;T901;S600;S200;T928;S894;S599;T226;T895;S243;T441;T236;S36;S938;S147;S694;T695;T146;S534;S690;S150;S689;S941;T77;T91;S96;T803;S81;S345"
"HEPH","T1076;S1070;T1073;T1079"
"HGF","T476"
"HGFAC","S94;S92;S95;T70;T382"
"HILPDA","T49;S60;T52;S44;S62"
"HIP1R","S652;T651"
"HLA-B","T158"
"HLA-C","T214;T224"
"HP","T187"
"HPX","T24;T29;S30;T351;T40"
"HRC","T585"
"HRG","T274;S271;T273"
"HS3ST3B1","T84;T79"
"HS6ST2","T528"
"HSP90AB1","S434;S452"
"HSPA5","S637;T643;T203;T69"
"HSPG2","T42;S65;S71;S76;S2995;S3933;S4179;T260;T2145;S2429;T1147;T1145;S2721;T1876;T3405;T972;T269;S3398;T1862;S3393;S2719;S2816;S2140;S2559;S279;S1869;T915;T3032;S2815;T3392;S2716;T251;T3399;T2646;T361;S3630;T3401;T563;T1926;S2638;S2637;S2161;T2223;S914;S2529;T3521;S2143;T2138;T2151;S2541;T4386;T2591;S2160;T3152;T1896;T261;T49;S2627;S2150;S3412"
"HTR1B","S265"
"HYAL2","T32;T26"
"HYOU1","S634;S964;T580;T589;T590;T988"
"IBSP","T119;T122;T227;T228;T229;T238;T239"
"ICAM1","T62"
"ICAM4","T44"
"IER3","T147;S146"
"IFI6","T119"
"IFNA2","T129"
"IGF1R","T684"
"IGF2","T96;T99;T163"
"IGF2R","T770"
"IGFALS","T32"
"IGFBP2","T166;T196"
"IGFBP3","S148;T195;S153;S155;T277;S161;S192;S156;T157;S151"
"IGFBP4","S173"
"IGFBP5","T172;T123;S179;T131"
"IGFBP6","T126;S144;T145;T146;S152;T143;T184;T236;S120;T176"
"IGFBP7","T31;S39;T188;T264;T206;T220;T230;S236"
"IGFBPL1","S268"
"IGFN1","S593"
"IGHA1","S105;T106;T109;S111;S113;T114;T117;S119;S121"
"IGHD","S109;S110;T113;T126;T127;T131;T132;S347"
"IGHG3","T122;T137;T152"
"IGKV1D-33","T27;S29"
"IGKV3-11","T25"
"IGLL1","T117;S193"
"IGSF10","T1471;S1083;T1630"
"IGSF8","T169"
"IL15RA","T87;T88;S188;S190;T186"
"IL18BP","S53;S46;T47"
"IL2","T23"
"IL2RA","T218;T224;T229;T237"
"IL5","T22"
"IL6R","T352;T329;T335"
"IMPG1","T403;T421;T432;T442"
"IMPG2","T190;T192;T544;T556"
"INHBA","S30;S26"
"INHBB","T35;S47"
"INHBE","T239"
"INSR","T786;T790;S791"
"ISLR","T371;S379"
"ISM2","T200;T203;S202;T211"
"ITGA2B","S874;S878;S603;S876"
"ITGA3","T127"
"ITGB1","T394"
"ITGB5","T199"
"ITIH1","T653;T604;T623"
"ITIH2","partial 666;S673;T675;T691;T666;S690;S652;S668;S679;S665;T601"
"ITIH4","T719;T720;T722;T723;T701;T725;S733;S702;S640"
"JAML","S196"
"JCHAIN","T109;T97"
"JPT2","T159"
"JTB","T43"
"JUP","T14"
"KCNE1","T7"
"KCP","T38;T413"
"KDR","T477"
"KIAA0100","T97"
"KIAA0319L","T235;T260;T299;T238;T234;T201;T197;T261;S270;S284;T217;T216;S177"
"KIAA1217","S357"
"KIAA1549","S239;T245;T238;S234;S700;T745;S694;S746;S699"
"KIAA1549L","T4;S650;S656;S651;T759;S105;T753;T638;T644"
"KIAA2013","T224"
"KIF20B","S18"
"KIRREL1","S740;T739"
"KITLG","S167;T168;T180;S178;S170"
"KL","S115"
"KLK1","S93;S104;S167"
"KMT2E","S435;T440"
"KNG1","T401;T533;T542;T546;T557;T571;S577;T628;T137;T532;S150;T273;S599;S604;S550;T151;T400;S531;S408;T407;S120"
"KRT10","S48;S49;S42"
"KRT18","S30;S31;S49;T4;T5;S18;T302"
"KRTDAP","T46;T33"
"LACRT","S91;S86;T75;S76;S77"
"LAIR1","T141"
"LAMA2","T2741;T2747;T2743"
"LAMA3","T477;T2980;S2963;S2975"
"LAMA4","T264"
"LAMA5","S1259;T2845;S3690"
"LAMB1","T1435;T1678"
"LAMB2","S1356"
"LAMB3","S712"
"LAMC1","T1170;T1603"
"LAMC2","T886;T835;T1094;T762;T831"
"LAMP1","partial 197;T199;T200;S207;S209;S211;S197;S218;S216;T331"
"LAMP2","S195;T196;T200;T203;T204;partial 207;partial 209;T210;T211;partial 213;T213;S207;T209;T194"
"LAMP3","T215"
"LAYN","T206;S195"
"LCAT","T431;S433"
"LDLR","T108;S768;T235;T721;S725;T726;T724;T766;T741;S750;T743;T738;T742;T734;S732;S733"
"LGALS3BP","T413;S444"
"LGMN","S307;T305"
"LILRB2","T445;T447"
"LILRB3","T430"
"LILRB4","S233;T246"
"LILRB5","T434;T445;T443"
"LIMK2","T372"
"LIPG","T41;S494;T496"
"LMAN1","T433;T432;S425;T276;T385"
"LMAN2","T91"
"LMBRD2","T85"
"LOX","T146;T89;S130;T131;S132;T113;T120;T413"
"LOXL1","T283"
"LPA","S16;S3670;T4115;S3768;T3773;T3887;T3667;T3439;T3325;T3891;T3553;S3320;S4219;T3556;S3776;T3765"
"LRG1","T37"
"LRIG1","T623"
"LRP1","T2773;T3452;T935;T975;T2857;T3493;T1056;S847;T3535;T1101;T3571;S1014;S897;T894;T3735"
"LRP11","T366;S302;T357;T367;T355;T386;S360;T303;T197"
"LRP2","T2905;T3074;T3924;T107;T66;T3797;S212;T2740;T146;T1066;T1018;T1103;S110;T2863;T221;T2821;T3718;S1108;T2992;T3031;T3834;T1270;T1148;T1023;T3070;S109;S1273"
"LRP4","S184;T70;T1688;S1689"
"LRP8","T85"
"LRPAP1","S318;T134;S45;S207;T337;S346"
"LRRC17","S227"
"LRRC37A3","T684;T688;S683;T689"
"LRRC4B","T497"
"LRRC70","S500"
"LRRC8A","T89"
"LRRC8C","T79;S87"
"LRRC8D","T106;T118;T68;T76;T77;T114"
"LRRN1","T571"
"LRRN4","T540;T44;S423;T416"
"LSR","S317;S326;S141;T435;S530;S321;T453;T379;S401;T316;S396;S382;T571;T336;S467;S385;T327;S528;S444;S579;S389;S447;S381;S371;S464;S332;T514;T501;S504;S510;S424;S436;S515;T505;S363;S418;S512;S432;S546;T185"
"LTA","partial 41;T41"
"LTBP1","S647;S937;S1019;S1059;S1141;S1224;S1488;S1687;T461;S846;T869;T845;T878;T661;T920;T769;T831;S278;T1601;T872;T801;T290;S296;T469;S460;S768;T785;T467;T463;T859;T304;T533;S438;T537;S536;S810;T326;T1333;S501;S470;T357;S539"
"LTBP2","T303;T813;T278;T831;T285;S312;S308;S311;T509;S468;S288;T1401;T802;T839;S518;S267;T380;S273;T305;T777;T731;S1397"
"LTBP3","T534;T532;T570;T166;S466;T514;T513;S519;S239;T533;T978;S561"
"LTBP4","S501;T268;T497;S542;S231;T535;S1486;S31;S35;S530;S45;S33;T507;S487;T476;S273;S221;S468;T346"
"LTBR","S423;T415;T421;T433"
"LTF","SP02788-2:10"
"LUM","S320"
"LUZP2","S245"
"LY6G6D","T40;T41"
"LY9","T298"
"LYPD3","S289;T297"
"LYPD6","T40;T41;S39"
"LYPD6B","T54"
"LYSMD3","T253;S285;T264;S252;S261;T279"
"LYVE1","T216"
"LZTS2","S173"
"MACROD1","T91"
"MAGED2","S52"
"MAN1B1","T230;T242;T239;T219;T186;S370;S223;S174;T144;T697;T204;T381"
"MAN1C1","S132;S98;S128;T58"
"MAN2A1","S105;S100;S80"
"MAN2A2","S45;S107"
"MAN2B2","S984"
"MANEA","T73;S86;S78;T82"
"MANEAL","S83"
"MANSC1","T151;S179;S147;S173;S178;S161;T164;S167;S192;S363"
"MAPT","S525;S555;S717"
"MATN2","T860;S905;T866;T40;T902;S901"
"MATN3","S66;S53;T65"
"MBTPS1","T896;T177;S168;S166"
"MCFD2","S32;T95;T98;S94"
"MCTP2","T287;T288"
"MDH2","S33"
"MDK","T119"
"MEGF6","T1524"
"MEGF8","T1149"
"MEGF9","S54;S64"
"MEP1B","S593;T594;T599;S603"
"MERTK","T45;T84"
"MESD","S88"
"MET","T918"
"METAP2","S60;S63"
"METRNL","T215"
"METTL24","T91"
"MFAP2","T90;T54"
"MFAP5","T54;S68"
"MFHAS1","T696"
"MFSD12","T200"
"MFSD5","S440;T442"
"MGAM","T84;T83;T81;T80"
"MGAT1","T100;T51;S320;T88"
"MGAT2","T390;S74;S59"
"MGAT3","S61;T72;S76;S87"
"MGAT4B","T490;T94"
"MGAT5","T121;T33;T38"
"MIA3","T1115;T711;T392;T206;S911;S215;S211;T666;T1040;T768;T282;T293;T1104;S1099;T608;T1093;T838;T152;T292;T297;T907;T910;T1083;S903;S672;T161"
"MINPP1","S42;T122"
"MMP14","T291;T77;T300;S301;T299;S304"
"MMP15","T320;T305;T313;T318"
"MMP19","T280"
"MMP2","T460"
"MMP25","T306"
"MMP3","T286;T277"
"MMRN1","T73;T28;T154;T158"
"MMRN2","T512;T692;T357;T626;T518"
"MPIG6B","T73"
"MRC1","T1221;T937;T1093;T790"
"MRC2","T370"
"MSMP","T128"
"MST1","T407"
"MUC1","T131;T139;S140;T144;T924;T919;S930;T911;S29;T30;T990;S1009;T1001;T1004;T1010;S999;S993;T1003;S989"
"MUC13","S471;S505"
"MUC16","T6950;S912;T8723;T3396;S8248;S709;T6688;T3397;S3814;T8645;T3835;S8721;T3815;T10681;T9009;S3822;T7830;T10693;T5905;S10692;S4257;S6948;S908;S9010;T3821;N8644;T7541;T718;S8716;S5907;T3820;T3402;T6691;S708;S913;S8239;S10003;T8543;S6577;S5560;T1515;T1512;S3807;S3796;T1516;T9716;S9553;S477;S8413;T11838;S5778;S3147;S7616;S4060;T509;S7610;S7242;S8118;S918;T10426;S914;S3211;S6440;S475;S11840;T480;T6383;S5776;S9554;S5093;S5779;S472;S7245;S6275;T11965;S1514;T6385;T6449;T624;T5249;T9876;N9811;S1864;T6360;S9874;S6363;S5264;T1867;S10457;S8817;S10301;T8120;T1870;S3416;T628;S620;S10303;T623;T10456;S5259;S4132"
"MUC17","T3862;S3856;T3863;S56"
"MUC20","T651;S69;T652;T80;S553;T70;T648;S558;S547"
"MUC4","T154;T156;T234;T364;T369;T376;T620;T666;T688;T747;T797;T798;T802;T804;T813;T814;T881;T886;T892;T931;T934;T938;T943;T945;T948;T952;T954;T1003;T1007;T1012;T1019;T1022;T1023;T1028;T1030;T1035;T1039;T1044;T1051;T1055;T1060;T1062;T1067;T1071;T1076;T1083;T1086;T1087;T1092;T1094;T1099;T1103;T1108;T1110;T1115;T1118;T1119;T1124;T1126;T1131;T1135;T1172;T1179;T1182;T1183;T1188;T1195;T1199;T1204;T1236;T1243;T1246;T1247;T1278;T1279;T1284;T1286;T1291;T1295;T1300;T1307;T1311;T1316;T1323;T1326;T1332;T1339;T1342;T1343;T1348;T1380;T1387;T1390;T1391;T1396;T1403;T1407;T1412;T1444;T1451;T1454;T1455;T1486;T1487;T1492;T1494;T1499;T1503;T1508;T1515;T1519;T1524;T1531;T1534;T1540;T1547;T1550;T1551;T1556;T1563;T1566;T1567;T1572;T1579;T1582;T1583;T1588;T1590;T1598;T1599;T1604;T1611;T1614;T1615;T1620;T1622;T1627;T1630;T1659;T1663;T1668;T1670;T1675;T1679;T1716;T1723;T1726;T1727;T1732;T1764;T1766;T1812;T1819;T1822;T1823;T1828;T1835;T1838;T1839;T1844;T1854;T1855;T1931;T1934;T1935;T1940;T1950;T1951;T1956;T1963;T1995;T1999;T2004;T2006;T2015;T2020;T2027;T2030;T2031;T2036;T2038;T2047;T2052;T2062;T2063;T2132;T2137;T2139;T2142;T2143;T2148;T2150;T2155;T2159;T2164;T2180;T2182;T2187;T2191;T2196;T2198;T2203;T2207;T2244;T2254;T2255;T2283;T2286;T2287;T2292;T2299;T2303;T2308;T2324;T2331;T2334;T2335;T2340;T2347;T2351;T2356;T2363;T2366;T2367;T2372;T2382;T2383;T2388;T2395;T2398;T2399;T2406;T2452;T2454;T2459;T2462;T2463;T2468;T2500;T2507;T2510;T2511;T2516;T2518;T2523;T2526;T2564;T2566;T2571;T2575;T2580;T2582;T2587;T2590;T2591;T2596;T2598;T2619;T2622;T2623;T2628;T2660;T2667;T2670;T2671;T2676;T2683;T2687;T2692;T2694;T2740;T2742;T2750;T2751;T2756;T2758;T2763;T2767;T2779;T2783;T2788;T2795;T2798;T2799;T2804;T2846;T2847;T2852;T2910;T2911;T2916;T2918;T2923;T2927;T2932;T2939;T2942;T2943;T2948;T2950;T2955;T2959;T2966;T2971;T2975;T3023;T3028;T3035;T3039;T3071;T3076;T3078;T3083;T3087;T3092;T3099;T3102;T3103;T3108;T3115;T3118;T3119;T3124;T3126;T3131;T3135;T3140;T3142;T3147;T3150;T3151;T3156;T3158;T3163;T3167;T3172;T3179;T3182;T3183;T3188;T3220;T3227;T3230;T3231;T3236;T3243;T3247;T3252;T3254;T3294;T3332;T3339;T3342;T3343;T3348;T3350;T3355;T3359;T3398;T3403;T3406;T3412;T3419;T3423;T3428;T3430;T3435;T3439;T3444;S3445;T3446;T3451;T3454;T3455;T3460;T3462;T3467;T3470;T3471;T3476;T3483;T3486;T3487;T3492;T3499;T3502;T3504;T3508;T3515;T3519;T3524;T3526;T3531;T3535;T3540;T3547;T3550;T3551;T3556;T3567;T3614;T3615;T3622;T3678;T3679;T3686;T3691;T3695;T3700;T3710;T3711;T3716;T3718;T3723;T3727;T3732;T3739;T3743;T3748;T3780;T3787;T3790;T3791;T3796;T3798;T3803;T3807;T3812;T3822;T3823;T3828;T3835;T3839;T3844;T3851;T3854;T3860;T3867;T3871;T3876;T3883;T3886;T3887;T3892;T3894;T3899;T3903;T3935;T3940;T3942;T3947;T3950;T3951;T3956;T3958;T3963;T3967;T3972;T3979;T3983;T3988;T3990;T3995;T3999;T4004;T4006;T4011;T4015;T4020;S4021;S4023;S4024;S4026;T4027;T4031;T4036;S4037;T4038;T4043;T4046;T4047;T4078;T4084;T4110;T4111;T4116;T4118;T4123;T4127;T4132;T4139;T4142;T4143;T4148;T4158;T4159;T4164;T4171;T4175;T4180;T4182;T4187;T4190;T4191;T4196;T4198;T4203;T4207;T4212;T4214;T4219;T4223;T4239;T4272;T4278;T4280;T4289;T4293;T4297"
"MUC5AC","T2395;T2405;T2451;T2461;T2531;T2541;T2571;T2581;T2699;T2709;T2883;T2893;T2979;T2989;T3067;T3077;T4224;T4234;T4296;T4306;T4320;T4330;T4376;T4386;T4440;T4450;T4480;T4490;T4512;T4522;T4568;T4578;T4567;T4577"
"MUC7","T176;S182;S183;T188;T189"
"MUCL1","T23;T24;T30;T34;T46;T47;T51;T52;T54;T55;T59;T60;T62;T63;S66;T67;T68"
"MXRA5","S1272;S1559;T1038;T882;T1050;T1185;T880;T1022;T1115;T1377;T1270;S842;T923;T1332;S1049;S1046;S1844;S1047;S1583"
"MXRA8","T163"
"MYC","T58"
"MYO1E","S127"
"MYRF","S960;T845;T846;T837;S854;T836;S921;S938;S942;T932;S954"
"NAXE","T34"
"NBL1","T148"
"NCAM1","T125"
"NCAN","T871;S725"
"NDUFB5","T136"
"NECTIN1","T339"
"NECTIN2","T292;S111;S107;S95"
"NECTIN3","S373;T367;T374"
"NEFL","T21;S27"
"NEFM","T47;T431"
"NENF","S96;T92;T48;T76"
"NEO1","T434;T846"
"NGF","T46;S43"
"NID1","T922;T935;S327;T887;T339;S921;T359;T310;T311;T347;S330;T350;S333"
"NID2","T1012;T1096;T994;T369;S393;S359;S419;S370;S431;T365;T1087;T462;T475;S448;T410;T391;T846;T1113;T479;T1102;T934;T360;T456;T455;S358;S459;S452"
"NLGN1","S703;S706;T665;S664;S660"
"NLGN2","T648"
"NMB","T52;S64;T71;T75;S67;S76;S60;S65"
"NMU","S109"
"NOG","T81"
"NOMO2","T189;T186"
"NOS3","S78"
"NOTCH1","S65;T73;T116;S146;T194;T232;T311;S341;T349;S378;S435;S458;T466;S496;S534;S609;T617;S647;T692;S722;S759;T767;S784;S797;T805;S921;S951;T997;S1027;T1035;S1065;T1159;S1189;T1197;S1273;T1362;T1379;T1402;T1725"
"NOTCH2","S613;T1420;S1419"
"NOTCH2NLA","T218"
"NOTCH4","S93;S95"
"NPC1","Y475;E1067"
"NPDC1","S164;S161;S114;T115;T130;S134"
"NPNT","T327;S362;T363;T376;S264"
"NPPA","S75"
"NPPB","Partial 62;S63;S70;T74;S79;Partial 84;T97;T62;T84"
"NPPC","T34"
"NPTXR","S81"
"NRCAM","T639"
"NRG2","T334;T333"
"NRG3","S280;T278;T281;T277;T276"
"NRP1","S612;T830;T638;T589;S637;T827;S829;S844"
"NRP2","T679;S673;T600;T607;T603;S672;T595"
"NRXN2","S1554"
"NSG1","T145"
"NTN1","T460;T461"
"NUCB1","T42;T39;S44;T162;T372;T160;S93;S378;T426;S224;T148;T47;S444;S369;T321;T343;T313;S320"
"NUCB2","S42;S408;T163;S96;T172;T32;T322;T314"
"NUMA1","S1844"
"NUP153","S534;S544;S908;S909;S1113;T1156"
"NUP155","S526"
"NUP210L","S130"
"NUP62","T373;S468"
"OAF","T67;T72;T44"
"ODAM","T115;T119;T244;S249;T250;T251;T255;S256;T261;T263;T273;S275"
"OGA","S405"
"OGN","T80"
"OGT","S3;S4;S594"
"OLFML2B","T426;T36;T343;S357;T361;T358;T346"
"OLFML3","T99"
"OPALIN","T14"
"OPN1LW","S22"
"ORAI3","S205;S216;S213;S220;S214"
"OS9","T302;S238;S529;T533"
"OSCAR","S249"
"OTOL1","hydroxylysine 178;hydroxylysine 310;K310;K178"
"P3H1","S92"
"P4HA1","T375"
"P4HA2","T272"
"P4HB","S194;T187;T117;T85;T221;T428;T442"
"P4HTM","T176;T107"
"PAM","T46;T413;T45;S466;S473;T35;T467"
"PAPLN","S897;T1141;S886;S555;T706;T872;S611;T702;T552;S910;S604;S1034;S701;T274;T1225;S904;S1221"
"PCDH11X","T856"
"PCDH12","T603"
"PCDHB11","S24"
"PCDHGA12","T569"
"PCOLCE","S311;S309"
"PCOLCE2","T293"
"PCSK1","T632;S643;T640"
"PCSK1N","T53;S228;T247"
"PCSK6","T683"
"PDE4DIP","S852"
"PDGFB","T190"
"PDGFD","T201;S197;S189;T24"
"PDIA3","T219;T485;S456;T452;T102"
"PDIA5","T391;T439"
"PDLIM1","T94"
"PDLIM5","T141"
"PDLIM7","T241;T239;S240"
"PDPN","T25;T32;T34;T35;T52;T55;T65;T66;T76;T85;S86;S88;T89;S96;S98;T100;S102;T106;S107;S109;T110;T117;T119;T120;T70"
"PEAR1","T64"
"PEX14","T287;S286"
"PFKL","S529"
"PFKM","S530"
"PFKP","S540"
"PGLYRP2","T181;T168;S177;T182;T193;T151"
"PHLPP1","T222"
"PI16","T214;T386;S395;S372;T285;T393;T311;T390;S310;S296;S394;T119;S336;S330"
"PIANP","T140"
"PIGK","T283;S282;T288"
"PIGX","T31"
"PIK3IP1","S39;S120;S141"
"PILRA","T242"
"PITHD1","T204;T207"
"PKDCC","T149"
"PKHD1L1","T122;T445;T1803;T1839;T2320;T3736"
"PLAC9","S87"
"PLAT","T96;T487"
"PLAU","T38;S158"
"PLCD1","S191;T193"
"PLG","S268;T365;T710;T371;T742;S358;T263;T457;T264;T28;T359;S460"
"PLOD1","T714"
"PLOD3","S25"
"PLP2","T145;T141"
"PLRG1","T97"
"PLTP","T490;T484;S489;S483;T487"
"PLVAP","S401"
"PLXDC1","T393;S372"
"PLXDC2","T427;T419;S86"
"PLXNA1","T726"
"PLXNB1","S834;S795;S790;S693;T1224;S793;T696;S691"
"PLXNB2","T1138"
"PODXL","T330;T232;T202;T334;T200;S261;S269;T267;S172;T193;T167;S405;S339;S332;S194;T168;S203;S401;T171;T195;S204;T407;T414;T387;S244;T118;T117;S188;T180;T417;T319;T179;T119;T295;T82;T258;T303;S77;S253;T81;T238;T252;T299;S300;T184;S185;S163;T309;S322;S125;T173;T324;S162;T126;S316;T323;S315;T307;S317"
"PODXL2","S144;T312;T349;T290;S212;S210;S211;T218;T214;T209;S134"
"POGLUT3","T158"
"POMC","T71"
"POMGNT2","T43"
"POSTN","T256"
"POU4F2","T335"
"PPARG","T84"
"PPM1F","T448"
"PRAP1","S104;T73;T72;T89;S111"
"PRB1","S40;S87;S150;S330"
"PRB2","S232"
"PRB3","S89"
"PRCP","T39"
"PRELP","T56;T43;S68"
"PRG2","partial 23;S24;T25;partial 34;S62;T23;T34"
"PRG4","S123;S136;T240;T253;T277;T291;T305;S306;T310;S317;T324;T332;T338;T367;S373;T376;T384;T385;S388;T391;T399;T400;T407;T408;T415;T423;S427;T430;T438;T439;T446;T447;T454;T455;T477;T478;T485;T493;T494;T501;T502;T509;T525;S529;T532;T540;T541;S553;T555;T563;T564;T571;T572;T579;T580;T587;T588;T595;T603;T604;T611;T612;T616;T619;T627;T676;T683;T684;T691;T692;T699;T700;T704;T707;T723;T724;T736;T768;T769;T776;T777;T792;T793;T805;S812;T829;T837;T838;S892;T900;T930;T931;S962;T963;T968;T975;T978;T979;T980;T1039;T1161;T234;T830;T863;T813;T235;T995;S263;T254;T635;T781;T822;T1076;S815;T994;T213;T903"
"PRKCSH","S293;T287;S343;T363;T263;T134;S282;T298"
"PRND","T43;T47"
"PRNP","T95"
"PROC","T19;S382"
"PROS1","T104;S122"
"PROZ","S93"
"PRRC2C","S2454"
"PRRT3","S329;T363;S254;T324;S336"
"PRRT4","S78;S206;T143;S139"
"PRSS23","T73"
"PRSS8","T184"
"PSAP","T397;T401;S289;T281;T391"
"PSG11","T232"
"PSMA1","S110"
"PSMA5","S198"
"PSMA6","S5"
"PSMA7","S130"
"PSMB1","S58;S209"
"PTBP1","T25"
"PTGDS","S29"
"PTGFRN","S150;S156"
"PTHLH","T167;T108"
"PTK7","T675;T602"
"PTPRC","T167;S176"
"PTPRG","T640;T514;S561;T649;T656;T633;T653;T715"
"PTPRJ","T64;T305;T59;S63;S62;T98"
"PTPRN","T441"
"PTPRN2","T220;S230;T398"
"PTPRZ1","S587;S637;S997;S1549;S1551;T690;T724;S482;S604;T689;T1338;T479;S686;S600;S1339;S1396;T1340;T721;T484"
"PTX3","T45;T41"
"PUS10","S171;S173"
"PVR","T81;S402"
"PXDN","T424"
"PXYLP1","T53"
"PYROXD2","S191"
"QSER1","S310"
"QSOX1","T592;T593;S643;T289;T590;T647;S655;S588;S604;T276;T277;T281;T282;S576;T577;S549;S493"
"QSOX2","T595;S624;S635;S600;T149;T153;T154;S628;T583"
"RAC2","Y32"
"RAC3","Y32"
"RALGPS2","S422"
"RARRES2","S157"
"RBM12","T122"
"RCN1","T192"
"RECK","T276"
"REG1A","T27"
"REG1B","T27"
"RELN","T184"
"RFNG","S54"
"RGMA","T350"
"RGMB","T127;S129;T135"
"RHOA","Y34"
"RHOB","Y34"
"RHOC","Y34"
"RMDN3","T152"
"ROBO1","T555;T660;S661"
"ROBO4","T232"
"ROR2","T157"
"RPN1","T50;S64;T228;S62;T144;S237"
"RPN2","T521"
"RRBP1","T1334"
"RTN4R","S390;T396;T386"
"RTN4RL2","T316"
"RXYLT1","S91;T92"
"S1PR1","T4;S5"
"SBSN","T59"
"SCAP","S677"
"SCARB1","S481"
"SCG3","T216;T231;S359;T144"
"SCGB3A1","T46;S25"
"SCPEP1","T279"
"SDC1","S37;S45;S47;S206;S216;T166;T90;S91;S89;T215;T220;T92;T240;T164;T86;T212;S165;S198;T72;S63;T76;S77;T61;T81;S58;T64;S197;S171;T122;T188;T180;T177;T129;T128;T143;T144;T139;T140;T150;T141;T134;S151;T133;S138;S186"
"SDC2","S41;S55;S57;T101;T88;T80;T107;T89;T90;S81"
"SDC3","S80;S82;S84;S91;S108;T109;T110;S160;T161;T162;T169;S170;T171;S314;S367;T264;T324;T225;T221;T265;T218;T217;S344;T291;T293;S250;T253;T251;T349"
"SDC4","S39;S61;S63;T24;S97;T101"
"SDF2L1","S211"
"SDF4","T265;S357;T347;S349;S108;S343"
"SEC24B","S139;S140;S149"
"SEC31A","S964"
"SEL1L","T50;T49;T38;T37;S41;S44"
"SEL1L3","T68"
"SELENOP","T236"
"SELPLG","T57;T123;T129;T124;T292;S290;S287;S289"
"SEMA3B","T611"
"SEMA3F","S713"
"SEMA4B","S582"
"SEMA4D","T657;T696;T670;T663;T716;S722;S666"
"SEMA5B","T788"
"SEMA6D","T613"
"SERINC3","T322"
"SERPINA1","T109;T35;T168"
"SERPINA3","S373;T381;T347"
"SERPINA5","T39"
"SERPINA6","T364"
"SERPINA7","S373"
"SERPINC1","T418"
"SERPIND1","T453;T457;S102;T104;T454;S51;S100;S37"
"SERPINE1","S359;S360;T362"
"SERPINE2","T359"
"SERPINF1","T36;S30;T372;S374;S24"
"SERPINF2","T36;S45;S37;T397"
"SERPING1","T47;T48;S64;T71;T83;T88;T92;T96;S113;T27;T119;S31;S28;T118;T115;S30"
"SEZ6","T60;T59"
"SEZ6L","S49;T88;S180"
"SEZ6L2","T45;T86;T43;S48;T80;T77;T666;T108;T96;T104;T100;T105;T717;T834;T831;T833"
"SFRP1","T184;T183;T175;S38"
"SH3BGRL3","T9"
"SHANK2","T1667;T1288"
"SHBG","T36"
"SHISA5","S82"
"SHISA9","T66"
"SIL1","T73;S128;S133;T97;T127;S47;T48;T41;S46"
"SLC13A3","T593"
"SLC1A1","T185"
"SLC22A23","T143"
"SLC29A1","S63"
"SLC2A12","T433;S434;T432;T445"
"SLC2A2","T69"
"SLC31A1","T27"
"SLC38A10","T902;S429;T772;T886;S806;S965;S795;S802;T904;S612;S685;S1106;S524;S997;S905;T921"
"SLC39A10","S210;T215;S49;T248;T308"
"SLC39A5","S123;S135"
"SLC39A6","T190;T222;T227;S219;S221;T194;S196;S225;T188;S189;S185;T33;T32;S228"
"SLC39A9","S83"
"SLC52A2","T180"
"SLC52A3","T182;S178"
"SLC5A1","T10;T14;T11"
"SLC5A11","S7"
"SLC5A2","T5"
"SLC5A8","T499;T498;T493"
"SLC5A9","T19"
"SLC9A1","T42;S56;T61;T62;T68"
"SLC9A2","S54"
"SLC9B1","T38"
"SLCO4C1","T557"
"SLIT3","T1295"
"SLITRK4","T334;T307;T306;T301"
"SLITRK5","T366"
"SLITRK6","T318;T322"
"SMAGP","T2;S3;T6;T7;S9;T16;T17;T23"
"SMO","T500;T55"
"SMOC1","T184;T197;T163;T301;T300;S37;S172;S168;S351"
"SMURF2","T76"
"SNAI1","S112"
"SNAP91","T310"
"SNCA","T54"
"SNED1","T1275;S1247"
"SOD3","S29"
"SORCS1","T68"
"SORCS2","S21;T65"
"SORL1","T1413;S1412;T1460;T1508;T1418;T1198;S1463;T1464"
"SP1","S491;S612;T640;S641;S698;S702"
"SPARC","T39"
"SPARCL1","T31;T40;S44;T116;T331;T398;S365;T149;S356;T315;T34"
"SPINT1","T373;T334;T317;S323;S312"
"SPINT2","T134;S108;S109;S112"
"SPN","T21;T22;T26;T28;S29;S35;T36;S37;S41;S42;T46;T47;S48;T50;T58;T69;S99;S103;T109;T113;S114;T136;T137;T173;T178;T94;T93"
"SPOCK1","T228;S383;S388;S131"
"SPOCK2","S383;S388;T189;T184"
"SPOCK3","S387;S392"
"SPON1","T192"
"SPON2","S216"
"SPP1","T134;T138;T143;T147;T152;T42;S49"
"SPTBN1","S2324"
"SRCAP","S2416"
"SRF","S277;S307;S309;S316;S383"
"SRGN","S94;S96;S100;S102;S104;S106;S108;S110"
"SRPRB","T18"
"SRPX","T240;T328"
"SRPX2","T222"
"SSC4D","T312"
"SSC5D","T1462;T1047;S581;T884;T939;T764;T453;S758;T1445;T1458;S760;T1558;T157;S1466;T696;T701;T697;T693;S694;T699"
"ST14","T209"
"ST6GAL1","T68"
"ST6GAL2","S69;S41;S523;S102"
"ST6GALNAC1","T595"
"ST6GALNAC2","T217"
"ST6GALNAC3","T45;T112"
"STAU1","T467;S465;T464;T362"
"STC1","S237;T205"
"STC2","T28;T212;T232"
"SUCO","T110;S162;T155;T113"
"SUPT5H","S917"
"SUSD2","S667;T670"
"SUSD5","T270;S455;S366;S277;T408;T343;S278;T558;T471;S470"
"SVEP1","S894;T2647;T891;T893;T887"
"SYAP1","T82;T73;T79"
"SYN1","S55;T87;S96;S103;S261;S432;T526;T564;S578"
"TAB1","S395"
"TACSTD2","S93"
"TAF1","T1654"
"TAPBP","T372"
"TAX1BP1","T157"
"TEKT3","T7;T9;T10"
"TENM3","T360;T1726;S364"
"TENM4","T394"
"TEX264","T306"
"TF","S51;S409"
"TFPI","partial 42;partial 202;T203;T42;S202;T116;T115"
"TFRC","T104"
"TG","S2749"
"TGFB3","T357"
"TGFBI","S28"
"TGFBR2","T39"
"TGFBR3","S534;S545;T369"
"TGOLN2","S236;T23;S36;T42;T123;S41;T54;T118;S124;T119;S126;T132;S53;S47;T137;S290;S66;S68;S267;T62;S270;S263;T146;T76;T318;S56;S245;S136;S122"
"THBD","S490;S492"
"THBS1","S394;T450;T507;T302;T638;T293;T292;T289"
"THBS2","S259;T251;T252"
"THBS4","S272;T273;T270;T824"
"THPO","S22;T58;T131;T179;T180;S184;T213;S265"
"THSD1","S398"
"THSD4","T582;S583;T277;T553;T121;T127;T151;T588;S286;T287;S598;S140"
"TINAG","T112"
"TLL2","T327"
"TM2D2","S46;T45"
"TM2D3","T46"
"TMCO3","T151;S176;S208"
"TMED10","T55;T77;T91;S86"
"TMED2","T123;T142"
"TMEM119","S41"
"TMEM123","T149;S60;T63;S35"
"TMEM132A","S770"
"TMEM132E","S33;S31"
"TMEM154","T53;T57"
"TMEM161A","S416"
"TMEM165","T73;T80"
"TMEM17","T135"
"TMEM176A","T165"
"TMEM201","T244"
"TMEM263","T46;T39"
"TMEM30A","T285"
"TMEM59","T314"
"TMSB10","T31;T28"
"TMTC3","T844"
"TMUB1","T92"
"TNC","T1825;T1265;T91;T1469;S81;S84"
"TNF","S80"
"TNFRSF10A","S126;S117;T120"
"TNFRSF10B","T57"
"TNFRSF10C","T38"
"TNFRSF10D","S77"
"TNFRSF13C","T17"
"TNFRSF1B","T30;T206;S221;T222;T239;S248;S208"
"TNFRSF21","T227;S259;S261;S258"
"TNFRSF6B","T203"
"TNFRSF8","T209;S206"
"TNFSF12","T198"
"TNN","T27"
"TNR","T36;T37"
"TNXB","T1364;T2324;T1876;T937;T948;T3257;T3054;T3541;T91;S178;T1469;T3158;T3880;T47;T936;T1180;T2838;T83;T1873;T1569;T2649;T2514;T2837;T3052;S946;T1872;T947;S943;T2357;T2083;S3923;T2399;T3922;S54;S2943;T2944;S2292"
"TOR1B","T41;S38"
"TP53I13","S224;S226;T187;T190;S191"
"TPBG","S53;S50"
"TPP1","T193"
"TPPP","S152"
"TPST1","T49;T50;T287;T47;S286;T199;T53;S46"
"TPST2","T286;S278;S285"
"TRABD2B","T395"
"TRAK1","S447;S680;S719;T935"
"TRDN","T303"
"TREML1","S148"
"TRHDE","S121"
"TRIL","S541;S538;S495;T441;S497"
"TSKU","T152;T153;S248"
"TST","S35"
"TTBK2","T819;S817;T820"
"TTC17","T878"
"TTN","T4922"
"TXNDC11","T558"
"TXNDC5","T174;S308;T306;T304;T72;T323;T328"
"UBAP2","S303"
"UBAP2L","T878;S731"
"UGGT1","T1241"
"ULBP3","T213;T209"
"UNC5B","S41"
"UQCC3","T63;T70;T29;T69;T56"
"VASN","T555;T530;T454;S532;S516;T319;S487;T567"
"VCAM1","T81;T369;T504"
"VCAN","T2958;T869;S2857;T362;T886;T2983;T670;S2456;T2701;T2395;T2083;T2152;T1973;S3006;S2856;T2691;T2135;T2394;S2723;S1942;S2879;S1853;T2887;T2330;T3014;T2672;T1688;T3003;T1943;T1806;T1734;S1256;T2571;S989;T2153;T2724;T1848;T2505;T2213;S1811;S2847;T2144;S1810;T2559;T2830;T1261;S1747;S2034;S2827;T1503;T2036;S440;T1030;T1404;T737;T728;T1031;S2999;S1001;T1262;S2515;S1490;S586;T2050;T1566;S2020;S2021;T471;T2396;T632;T1880;T570;S566;T2936;T1602;T1847;T651;T2740;T2671;T642;S2661;T545;S1447;S3005;S2981;T393;T1687;T1041;T500;T1451;T2875;T1807;T855;T3025;T551;T3045;S1315;T2978;T1309;T544;T3083;T2017;T2784;T1291;S1308;T2540;S2215;T1271;T464;S2760;T1052;T1537;T1295;T1418;T1926;T563;T2583;T1473;T1074;T689;T2331;T2457;T1015;T1023;T1996;T2345;S442;T1569;S727;T2503;S2826;T861;S2294;T2793;T2811;S569;S2699;T1615;S1758;T1027;S2572;S2893;T1474;T2069;T2086;S364;T1316;S2039;T716;S2977;T2194;T1480;T939;T627;S2860;T2328;S2767;T1654;T51;T1403;S2791;T589;S1742;T1665;S3029;T2531;T2458;S1772;T518;S1743;S888;T2200;T2785;T1763;T1093;T643;S1101;S1212;S1716;S1935;S1221;S976;T1744;S510;T1769;T1110;S1103;T799;T522;S1765;T2509;S2455;T1116;T1123;T1419;S2085;S641;T1780;T1778;S1131;S1133;T2063;T1191;T2448;T889;S1945;S2417;T1121;S3024;S2781;T687;T2516;T1777;T1092;S1909;T1731;S2058;T2950;T2656;T2091;T1219;S801;T2416;T2159;T2059;S2473;T981;T1719;S2422;S1925;T792;T887;T1220;T516;S1775;S2530;S2203;T2160;T751;T754"
"VEGFB","T187"
"VGF","S95;S266;S253;T180;T193;T191;T189;S252;T187;T256"
"VIM","S7;T33;S34"
"VIRMA","S1432"
"VIT","T277"
"VLDLR","T71;T192;T277"
"VSIG4","T264"
"VTN","S130;T88;S97;T141;T429;T99;T29;T113;T69;S100;T63"
"VWA1","T322;T84;S358;T402;S351;T404;T437;S442;S315"
"VWCE","T935;S861;S816;T911;T833;S885;S879"
"VWF","T1248;T1255;T1256;S1263;T1468;T1477;S1486;T1487;T1679;T2298;S746"
"WNT10A","S319"
"WNT9B","T41"
"XRCC1","T440;S446;T453;S447;T296"
"XXYLT1","S77;S67"
"XYLT1","S874;S126;T133;S139;T130;T249"
"XYLT2","T154;S782;S783;S777;T571;S87;S146;T159;T64;S61;S67"
"YIPF3","T333;T334;T339;T346;S349"
"ZC3H6","S992"
"ZDHHC8","S754;T760;T759"
"ZNF462","S292;S309"
"ZP2","T462"
"ZP3","T156;T162;T163"
"ZP4","T302"
"ZYX","S240"
